{
  "type": "minecraft:archaeology",
  "random_sequence": "repurposed_structures:archaeology",
  "pools": [
    {
      "rolls": 1,
      "bonus_rolls": 0.0,
      "entries": [
        {
          "name": "minecraft:heart_of_the_sea",
          "type": "minecraft:item",
          "weight": 1
        },
        {
          "name": "minecraft:tide_armor_trim_smithing_template",
          "type": "minecraft:item",
          "weight": 1
        },
        {
          "name": "minecraft:blade_pottery_sherd",
          "type": "minecraft:item",
          "weight": 3
        },
        {
          "name": "minecraft:explorer_pottery_sherd",
          "type": "minecraft:item",
          "weight": 3
        },
        {
          "name": "minecraft:mourner_pottery_sherd",
          "type": "minecraft:item",
          "weight": 3
        },
        {
          "name": "minecraft:plenty_pottery_sherd",
          "type": "minecraft:item",
          "weight": 3
        },
        {
          "name": "minecraft:angler_pottery_sherd",
          "type": "minecraft:item",
          "weight": 3
        },
        {
          "name": "minecraft:shelter_pottery_sherd",
          "type": "minecraft:item",
          "weight": 3
        },
        {
          "name": "minecraft:snort_pottery_sherd",
          "type": "minecraft:item",
          "weight": 3
        },
        {
          "name": "minecraft:sniffer_egg",
          "type": "minecraft:item",
          "weight": 8
        },
        {
          "name": "minecraft:emerald",
          "type": "minecraft:item",
          "weight": 8
        },
        {
          "name": "minecraft:diamond",
          "type": "minecraft:item",
          "weight": 8
        },
        {
          "name": "minecraft:wheat",
          "type": "minecraft:item",
          "weight": 4
        },
        {
          "name": "minecraft:sweet_berries",
          "type": "minecraft:item",
          "weight": 4
        },
        {
          "name": "minecraft:rotten_flesh",
          "type": "minecraft:item",
          "weight": 2
        },
        {
          "name": "minecraft:potato",
          "type": "minecraft:item",
          "weight": 2
        },
        {
          "name": "minecraft:poisonous_potato",
          "type": "minecraft:item",
          "weight": 2
        },
        {
          "name": "minecraft:iron_sword",
          "type": "minecraft:item",
          "weight": 2
        },
        {
          "name": "minecraft:iron_axe",
          "type": "minecraft:item",
          "weight": 2
        },
        {
          "name": "minecraft:chainmail_boots",
          "type": "minecraft:item",
          "weight": 2
        },
        {
          "name": "minecraft:chainmail_leggings",
          "type": "minecraft:item",
          "weight": 2
        },
        {
          "name": "minecraft:chainmail_chestplate",
          "type": "minecraft:item",
          "weight": 2
        },
        {
          "name": "minecraft:chainmail_helmet",
          "type": "minecraft:item",
          "weight": 2
        },
        {
          "name": "minecraft:coal",
          "type": "minecraft:item",
          "weight": 8
        },
        {
          "name": "minecraft:gold_nugget",
          "type": "minecraft:item",
          "weight": 4
        },
        {
          "name": "minecraft:gold_ingot",
          "type": "minecraft:item",
          "weight": 6
        },
        {
          "name": "minecraft:iron_nugget",
          "type": "minecraft:item",
          "weight": 4
        },
        {
          "name": "minecraft:iron_ingot",
          "type": "minecraft:item",
          "weight": 6
        },
        {
          "name": "minecraft:copper_ingot",
          "type": "minecraft:item",
          "weight": 6
        },
        {
          "name": "minecraft:lapis_lazuli",
          "type": "minecraft:item",
          "weight": 8
        }
      ]
    }
  ]
}