{
    "formatVersion": 1,
    "game": "minecraft",
    "versionId": "1.3.1",
    "name": "Eggcraft",
    "files": [
        {
            "path": "mods/c2me-fabric-mc1.20.1-0.2.0+alpha.10.96.jar",
            "hashes": {
                "sha1": "99cbb40ca891a43db73931a52eae43d3dec8ed14",
                "sha512": "c1fe091bc71d8721996dfd7ba416a1126c2c53ba888ec7c4a30d4218e275f36228565c0c8a43a0ac2ca04128c27a297ea891ce07aec989ecb5493f5c1e908372"
            },
            "env": {
                "client": "required",
                "server": "required"
            },
            "downloads": [
                "https://cdn.modrinth.com/data/VSNURh3q/versions/iaC5daGO/c2me-fabric-mc1.20.1-0.2.0%2Balpha.10.96.jar"
            ],
            "fileSize": 1299836
        },
        {
            "path": "mods/cloth-config-11.1.106-fabric.jar",
            "hashes": {
                "sha1": "a05e176326365f2b8e377a35be52a5671491bcfd",
                "sha512": "bce3d04905f49a331ade089332f0bb5f2329a81451f2acdd4d95590cb090dbc88f0192a85de342e705f4aea9f4cdf2add8b5ef842d0014e29f0a2a9c281984a2"
            },
            "env": {
                "client": "required",
                "server": "required"
            },
            "downloads": [
                "https://cdn.modrinth.com/data/9s6osm5g/versions/s7VTKfLA/cloth-config-11.1.106-fabric.jar"
            ],
            "fileSize": 1159179
        },
        {
            "path": "mods/fabric-language-kotlin-1.10.8+kotlin.1.9.0.jar",
            "hashes": {
                "sha1": "06a973a9e97b6dc673dfc1c519f2118dcb068690",
                "sha512": "8f20eb2f1c9ad30781e599df265476e38bc549466d7f8acd5bdd27d664d15f9da93b3d543a6f0ccc7ff19d11d808dc2c03273cb0a5d4e942074d4823981d23b3"
            },
            "env": {
                "client": "required",
                "server": "required"
            },
            "downloads": [
                "https://cdn.modrinth.com/data/Ha28R6CL/versions/s10JMAtS/fabric-language-kotlin-1.10.8%2Bkotlin.1.9.0.jar"
            ],
            "fileSize": 6713120
        },
        {
            "path": "mods/MouseTweaks-fabric-mc1.20-2.25.jar",
            "hashes": {
                "sha1": "21ae6dd81324543e77c10bbb2b928320d71b6750",
                "sha512": "04f017920be9e982c945df0d27ef93a4cace730b7bc6fd46a82c028c50f7d6819ec0a4c28a4454bc681b4591eeddb08b74c330cb577d7a697a2391fcc11d925d"
            },
            "env": {
                "client": "required",
                "server": "unsupported"
            },
            "downloads": [
                "https://cdn.modrinth.com/data/aC3cM3Vq/versions/m0Dd8Cjy/MouseTweaks-fabric-mc1.20-2.25.jar"
            ],
            "fileSize": 77342
        },
        {
            "path": "mods/letsdo-vinery-fabric-1.4.3.jar",
            "hashes": {
                "sha1": "38b44fcb5e8edfefd0dc0cc2e5c75bbe95be049c",
                "sha512": "ca578746f5c5a9ede1258134792913fa917a695adad35f9d676aab03c4f63320d6d7a59bd2e71bc8cc2a1ec718683a30f5c774b03996b38dbf08261d87354391"
            },
            "env": {
                "client": "required",
                "server": "required"
            },
            "downloads": [
                "https://cdn.modrinth.com/data/1DWmBJVA/versions/EzxsNX0U/letsdo-vinery-fabric-1.4.3.jar"
            ],
            "fileSize": 2394047
        },
        {
            "path": "mods/Bountiful-6.0.3+1.20.1-fabric.jar",
            "hashes": {
                "sha1": "d8e5e67712a8b683ae07101a51ad53df0fb24e63",
                "sha512": "147065ea9b24a43d11a6b22fec9733f011695f1ce8e164037185eb3e29f6c7c01787f193f6c0b614ff9c83c07db811567e3842afe2c88bbf39dc2664bd2d029d"
            },
            "env": {
                "client": "required",
                "server": "required"
            },
            "downloads": [
                "https://cdn.modrinth.com/data/BpwWFOVM/versions/qFqfFMMO/Bountiful-6.0.3%2B1.20.1-fabric.jar"
            ],
            "fileSize": 529853
        },
        {
            "path": "mods/bclib-3.0.13.jar",
            "hashes": {
                "sha1": "4850fbc25fa1f2217916155ed354579af1c15205",
                "sha512": "ece143b42d6a56015131451a1c6fec0137b3c1754e22453f8f55ca1f17070ddd009279b48eab531e598c7fd47376405b27e3306156634a019de87320ce53f876"
            },
            "env": {
                "client": "required",
                "server": "required"
            },
            "downloads": [
                "https://cdn.modrinth.com/data/BgNRHReB/versions/bccqbyya/bclib-3.0.13.jar"
            ],
            "fileSize": 2330374
        },
        {
            "path": "mods/Kambrik-6.1.1+1.20.1-fabric.jar",
            "hashes": {
                "sha1": "a156ba87fe3cd7fdf6a0a8c76edac4f70fe91157",
                "sha512": "6259c9cce3470096cd4c4ca29a80ddc84c8b016ccd6776e9f7afe25c59969f0f0b72f30b5192ae56a4b4879713f6e73e3ea54ed651880c3d4f6e16a95be85a7b"
            },
            "env": {
                "client": "required",
                "server": "required"
            },
            "downloads": [
                "https://cdn.modrinth.com/data/zfbCkvdZ/versions/SqVitkHr/Kambrik-6.1.1%2B1.20.1-fabric.jar"
            ],
            "fileSize": 327998
        },
        {
            "path": "mods/lithium-fabric-mc1.20.1-0.11.2.jar",
            "hashes": {
                "sha1": "8f4642147e60827f728badac7a819d1a9f3b25d5",
                "sha512": "d1b5c90ba8b4879814df7fbf6e67412febbb2870e8131858c211130e9b5546e86b213b768b912fc7a2efa37831ad91caf28d6d71ba972274618ffd59937e5d0d"
            },
            "env": {
                "client": "required",
                "server": "required"
            },
            "downloads": [
                "https://cdn.modrinth.com/data/gvQqBUqZ/versions/ZSNsJrPI/lithium-fabric-mc1.20.1-0.11.2.jar"
            ],
            "fileSize": 645865
        },
        {
            "path": "mods/resourcefullib-fabric-1.20.1-2.1.9.jar",
            "hashes": {
                "sha1": "c033c4848818d0933d8473ae45e8b0666a1d1fb5",
                "sha512": "7c3e35104004e3474b7420825b09afe92560ac7e46449a12a3976bd0aee1e25a4ef12d22bd01cd6217c653df37e74786990699e0820ddc441d4895833fbc4537"
            },
            "env": {
                "client": "required",
                "server": "required"
            },
            "downloads": [
                "https://cdn.modrinth.com/data/G1hIVOrD/versions/lmvJ0Hcp/resourcefullib-fabric-1.20.1-2.1.9.jar"
            ],
            "fileSize": 364048
        },
        {
            "path": "mods/Dynmap-3.6-fabric-1.20.jar",
            "hashes": {
                "sha1": "700a690b7ad85696f397b61a2810f00253d2afee",
                "sha512": "8bf2f4f6ff4f34c6e89fc01879326e193dd46709ab6a4736014afe95c7bc3ae01be2dc94740131823cd760ac139dee5c990d045b6e9326fd15ddc5243dc1291e"
            },
            "env": {
                "client": "unsupported",
                "server": "required"
            },
            "downloads": [
                "https://cdn.modrinth.com/data/fRQREgAc/versions/vqx7tUUt/Dynmap-3.6-fabric-1.20.jar"
            ],
            "fileSize": 10295227
        },
        {
            "path": "mods/rechiseled-1.1.2-fabric-mc1.20.jar",
            "hashes": {
                "sha1": "558d7eff2f6e10f36a22b2cd7d94d48d89050707",
                "sha512": "a066adf7b3ba1d764b20f897f2cc5e94987eed7c1e03d33fd0fbc417efa3d07bc21c5d4cb078b614972a5558e46cfd8b681e75606306c09080a897288236b548"
            },
            "env": {
                "client": "required",
                "server": "required"
            },
            "downloads": [
                "https://cdn.modrinth.com/data/B0g2vT6l/versions/voq1n4cH/rechiseled-1.1.2-fabric-mc1.20.jar"
            ],
            "fileSize": 3547089
        },
        {
            "path": "mods/technomodel-1.0.4.jar",
            "hashes": {
                "sha1": "6372d9dddf14e4391027c7caa1d67eb9bcbeba00",
                "sha512": "29234d100bc58c3e9a9a1cee484d41308db078029658c7ff3017c601b027fd5032d7654a0c8be293131736a34d36172e3e75f33b53df54e2351a08b8fa7c9d13"
            },
            "env": {
                "client": "required",
                "server": "unsupported"
            },
            "downloads": [
                "https://cdn.modrinth.com/data/BX3at1x4/versions/vJxDhOqb/technomodel-1.0.4.jar"
            ],
            "fileSize": 33148
        },
        {
            "path": "mods/Concrete Plus-1.9.8.jar",
            "hashes": {
                "sha1": "4dd8c21e6dea397e286964146a8d72f473e9ef07",
                "sha512": "c58ac42d008fcf93ae879955c0e6ea7f83aaf2a16919d88fbe907b75df8e753d5d176df7a1a9efb07a8aa27311729735df6fe0c8f430acdccbc5c77fed532dd0"
            },
            "env": {
                "client": "required",
                "server": "required"
            },
            "downloads": [
                "https://cdn.modrinth.com/data/4nMaJ6TK/versions/e6vSucpY/Concrete%20Plus-1.9.8.jar"
            ],
            "fileSize": 915987
        },
        {
            "path": "mods/cosmetica-1.20-1.2.5.jar",
            "hashes": {
                "sha1": "0145ef87ec4980fd3f79c08f893901b257619dcf",
                "sha512": "ee0fb4f9a5e9dcb274445e41d27cddd6f3da117f9eb580d7cb8dcfe98ec1f97036ae0905a178a455b3fd3ddd681408c31f401c53c891251f1355f726abdd714a"
            },
            "env": {
                "client": "required",
                "server": "unsupported"
            },
            "downloads": [
                "https://cdn.modrinth.com/data/s9hF9QGp/versions/gwdKlZZc/cosmetica-1.20-1.2.5.jar"
            ],
            "fileSize": 536441
        },
        {
            "path": "mods/lazydfu-0.1.3.jar",
            "hashes": {
                "sha1": "0dfa8b03ed408fb7fdada29e01cfebba02af1049",
                "sha512": "dc3766352c645f6da92b13000dffa80584ee58093c925c2154eb3c125a2b2f9a3af298202e2658b039c6ee41e81ca9a2e9d4b942561f7085239dd4421e0cce0a"
            },
            "env": {
                "client": "required",
                "server": "required"
            },
            "downloads": [
                "https://cdn.modrinth.com/data/hvFnDODi/versions/0.1.3/lazydfu-0.1.3.jar"
            ],
            "fileSize": 14531
        },
        {
            "path": "mods/ctov-farmers-delight-compat-2.0.jar",
            "hashes": {
                "sha1": "62085a11eba4106ecbe04dd0bfae6563c9ce852e",
                "sha512": "195b115278338fa3c1642f3889d750273e275ebcf79dde822febb2576ac36d49944bfcaa5983135651f2ec0ebff327aecda9fbc49bdc24e5b3dc26f781103624"
            },
            "env": {
                "client": "required",
                "server": "required"
            },
            "downloads": [
                "https://cdn.modrinth.com/data/CdRC4fyI/versions/Bp3TnFpM/ctov-farmers-delight-compat-2.0.jar"
            ],
            "fileSize": 197854
        },
        {
            "path": "mods/enchanted-vertical-slabs-1.9.jar",
            "hashes": {
                "sha1": "9c5a56e7a71ba0d6039e02db8edc28aa8cb4d5fd",
                "sha512": "a19bce730a91320143444884869bc309bb38898cd3c9f58d489151ed1a2dd5c0a96854c5fff7475bed4080b67256aaacf781363801636943b67ce8d6469329f5"
            },
            "env": {
                "client": "required",
                "server": "required"
            },
            "downloads": [
                "https://cdn.modrinth.com/data/TG1cHkRf/versions/tGWScJT0/enchanted-vertical-slabs-1.9.jar"
            ],
            "fileSize": 204175
        },
        {
            "path": "mods/fabric-api-0.86.1+1.20.1.jar",
            "hashes": {
                "sha1": "4d7d8e74ec433f384e1e07b91556318802d0b565",
                "sha512": "f5c29b3e054769d9536e0b1178c234b0fa26a0358643ccd5171856841c7948dc73e7a2726cf249a378b11ee8ddedf030d33f7cbeca1fff52d2865afa5ab8ee33"
            },
            "env": {
                "client": "required",
                "server": "required"
            },
            "downloads": [
                "https://cdn.modrinth.com/data/P7dR8mSH/versions/XheZ9iGK/fabric-api-0.86.1%2B1.20.1.jar"
            ],
            "fileSize": 2035626
        },
        {
            "path": "mods/voicechat-fabric-1.20.1-2.4.16.jar",
            "hashes": {
                "sha1": "655fe4516dc73126046bd258b7c69a5010e69287",
                "sha512": "f41fc5a6bcddadeac0fc639eb0dc8fc47cdef06038bb4745cc83d70492e419751bf2fe563b37389565497898225cf790b4ff4d08b99954321b623ea1ba274952"
            },
            "env": {
                "client": "required",
                "server": "required"
            },
            "downloads": [
                "https://cdn.modrinth.com/data/9eGKb6K1/versions/Wq1967bc/voicechat-fabric-1.20.1-2.4.16.jar"
            ],
            "fileSize": 7952183
        },
        {
            "path": "mods/starlight-1.1.2+fabric.dbc156f.jar",
            "hashes": {
                "sha1": "a03102cab439cbab5a1d7d72cd7c2b4976ddd421",
                "sha512": "6b0e363fc2d6cd2f73b466ab9ba4f16582bb079b8449b7f3ed6e11aa365734af66a9735a7203cf90f8bc9b24e7ce6409eb04d20f84e04c7c6b8e34f4cc8578bb"
            },
            "env": {
                "client": "required",
                "server": "required"
            },
            "downloads": [
                "https://cdn.modrinth.com/data/H8CaAYZC/versions/XGIsoVGT/starlight-1.1.2%2Bfabric.dbc156f.jar"
            ],
            "fileSize": 127368
        },
        {
            "path": "shaderpacks/BSL_v8.2.04.zip",
            "hashes": {
                "sha1": "17baebfe70bc4b0639cc8994e303d9e9b4e96fcf",
                "sha512": "5e7fe400ac8599981b7e2f17690941b7b38df1567778d9618f5f07c199e5732492b356f55cb428061c09e5f048f296b1043b548e2509a5acc7f49accbaae245b"
            },
            "env": {
                "client": "required",
                "server": "unsupported"
            },
            "downloads": [
                "https://cdn.modrinth.com/data/Q1vvjJYV/versions/P1eZktJ3/BSL_v8.2.04.zip"
            ],
            "fileSize": 932543
        },
        {
            "path": "shaderpacks/rethinking-voxels_r0.1_alpha4.zip",
            "hashes": {
                "sha1": "f779b23d5cd10982a831e569302f951c90c44b99",
                "sha512": "2259d03f66557de25f326689beb3e634443f4fc670006294f4f438945c5ff22440fc25c7c8ff591c4bc1dc6dfc4d04200b9bf91bb6c5c2d1cd10f8446cdbe609"
            },
            "env": {
                "client": "required",
                "server": "unsupported"
            },
            "downloads": [
                "https://cdn.modrinth.com/data/kmwfVOoi/versions/1LqpOU4L/rethinking-voxels_r0.1_alpha4.zip"
            ],
            "fileSize": 388209
        },
        {
            "path": "mods/dungeons-and-taverns-v2.1.4.jar",
            "hashes": {
                "sha1": "e3b29a641aedc5998c07320902b895ae4d6894d2",
                "sha512": "fcfc7855afb8d0fe391e718e4c74ef0bbacbc3ef4b3bdb59113bf7042ef7a706f9c91e9da9c24d2a66c4467f51e74951a1484afeea7be235d9943bcdbe82ae4b"
            },
            "env": {
                "client": "required",
                "server": "required"
            },
            "downloads": [
                "https://cdn.modrinth.com/data/tpehi7ww/versions/XU0RDl74/dungeons-and-taverns-v2.1.4.jar"
            ],
            "fileSize": 10868373
        },
        {
            "path": "mods/entityculling-fabric-1.6.2-mc1.20.jar",
            "hashes": {
                "sha1": "cf43e7a58fb62f75d664cce1b14a6064774e6547",
                "sha512": "d041998579b5b814c2e1c8deab3aa3cb76132c9130fd5abdbedbe4fda8d503cb333922ab5f33c40b2649c6e0504cd9f65c44246c6e346b8e9cfd8f7895fd7334"
            },
            "env": {
                "client": "required",
                "server": "unsupported"
            },
            "downloads": [
                "https://cdn.modrinth.com/data/NNAgCjsB/versions/d20sUcYn/entityculling-fabric-1.6.2-mc1.20.jar"
            ],
            "fileSize": 57722
        },
        {
            "path": "mods/ferritecore-6.0.0-fabric.jar",
            "hashes": {
                "sha1": "5a57ea73c3c7c0cc300d69611a9cad93baf8e9ab",
                "sha512": "9f563d8ceb2ec838e5da23257d369a26be0323e2f7777df8bb6e2ac4610dd0020827411f7e82e1f151d0fd9236014a8f02801ab4c1a5857ad3fd90345f6cfa9c"
            },
            "env": {
                "client": "required",
                "server": "required"
            },
            "downloads": [
                "https://cdn.modrinth.com/data/uXXizFIs/versions/FCnCG6PS/ferritecore-6.0.0-fabric.jar"
            ],
            "fileSize": 124927
        },
        {
            "path": "mods/supermartijn642configlib-1.1.7-fabric-mc1.20.jar",
            "hashes": {
                "sha1": "8473ca52442a5be63adbd5a8dad7728368d302a6",
                "sha512": "bd983f7ab75964f58f63de4620d778e394a8f38ce16c34968d409fe7977352e6daee9a47c83bf1db8b70036bd58b8bda9779414bbf58abd0740a07dfd79cdb86"
            },
            "env": {
                "client": "required",
                "server": "required"
            },
            "downloads": [
                "https://cdn.modrinth.com/data/LN9BxssP/versions/baEzAEWx/supermartijn642configlib-1.1.7-fabric-mc1.20.jar"
            ],
            "fileSize": 207886
        },
        {
            "path": "mods/ctov-3.3.3.jar",
            "hashes": {
                "sha1": "0320991b7db36e841e1351551238f447c557cb4b",
                "sha512": "e4df497642ffa77f1452acc9a7b6b53b8b23bc62589ca81caf63678c20d772a8dba716a594172169ffd3d51111ff1a854a0b8c10fabcf8f2a2da196df772bc12"
            },
            "env": {
                "client": "required",
                "server": "required"
            },
            "downloads": [
                "https://cdn.modrinth.com/data/fgmhI8kH/versions/f51MDpat/ctov-3.3.3.jar"
            ],
            "fileSize": 4281222
        },
        {
            "path": "mods/better-end-4.0.10.jar",
            "hashes": {
                "sha1": "1e7da7e351af26a912934d05b0aa77e5f6c4d139",
                "sha512": "98773d700d35dd9ad5ca89a2de661f62ff4d3e9b126b751de0aa4cdf0256d166eab746bb87edc0e2b2fac03e7eb77eade7b6890792a7d2a8dda6a475566299a7"
            },
            "env": {
                "client": "required",
                "server": "required"
            },
            "downloads": [
                "https://cdn.modrinth.com/data/gc8OEnCC/versions/otd2erfL/better-end-4.0.10.jar"
            ],
            "fileSize": 92721740
        },
        {
            "path": "mods/Boat-Item-View-Fabric-1.20.1-0.0.5.jar",
            "hashes": {
                "sha1": "c71b4fa8fd4ca580f39f94f278c1864c3befca51",
                "sha512": "f38bddc133cdc681932c6c8adfa31c71a57f2174a703880c70649f8db5fc01573fdd247c865801ebd6daf7f49ec5b63bc86334a83533526efae5f61113fe7f15"
            },
            "env": {
                "client": "required",
                "server": "unsupported"
            },
            "downloads": [
                "https://cdn.modrinth.com/data/BdKIyOLe/versions/Q3Z6GESL/Boat-Item-View-Fabric-1.20.1-0.0.5.jar"
            ],
            "fileSize": 1031662
        },
        {
            "path": "mods/global_packs-fabric-1.19.4-1.16.1_fabric.jar",
            "hashes": {
                "sha1": "927c59d923a7a38837427046d6b3b2feedf26128",
                "sha512": "1ef27024288435cfd3ffa68ff2383eed11bf2860583ad38b4a2c1f011b85624939db706898d3cb27cacb8e0c32ec8b72e30eba33da747ac2fb22ef5289bf4dd2"
            },
            "env": {
                "client": "required",
                "server": "required"
            },
            "downloads": [
                "https://cdn.modrinth.com/data/NRLPy2mk/versions/9so0FT8s/global_packs-fabric-1.19.4-1.16.1_fabric.jar"
            ],
            "fileSize": 230089
        },
        {
            "path": "mods/light-overlay-8.0.0.jar",
            "hashes": {
                "sha1": "ba9d6db7b84d9b00b74e4fb04f137c96d080cb0a",
                "sha512": "f49abe58715e782cc1a46099f9e6fe5842b13eb09a40789838bebfb66413e33d9c07ebe053269c02f8996da00bb1e4575d4020b5b099c418cbf6b9230e6a19fd"
            },
            "env": {
                "client": "required",
                "server": "unsupported"
            },
            "downloads": [
                "https://cdn.modrinth.com/data/YfOlc91N/versions/FQVuf0Wz/light-overlay-8.0.0.jar"
            ],
            "fileSize": 60814
        },
        {
            "path": "mods/indium-1.0.22+mc1.20.1.jar",
            "hashes": {
                "sha1": "efe2e9efe64b0e06c025cb4fbe1ff11ca0b715ad",
                "sha512": "57fd04ce7ae4e8e8964b839af5ef2d342f0b86849d67007fb6bf8d748e7a2b30b44dead594c1d3d1e2e0c719ec184ba3651a152536d62b79645e521403c5f2f3"
            },
            "env": {
                "client": "required",
                "server": "unsupported"
            },
            "downloads": [
                "https://cdn.modrinth.com/data/Orvt0mRa/versions/OPwFzZCT/indium-1.0.22%2Bmc1.20.1.jar"
            ],
            "fileSize": 105000
        },
        {
            "path": "mods/sodium-fabric-mc1.20.1-0.5.0.jar",
            "hashes": {
                "sha1": "3c032c494f6d38019b4dcbcd13e6a0fe1f172403",
                "sha512": "506c80ffc90219cff0983b74d9774b892b4a5dd1d60d79cd2972b56dd38bb7d2a2a624be995c9782bae6775b89b4d753227759d6d84e7570986793d245a249de"
            },
            "env": {
                "client": "required",
                "server": "unsupported"
            },
            "downloads": [
                "https://cdn.modrinth.com/data/AANobbMI/versions/hiO9bwqc/sodium-fabric-mc1.20.1-0.5.0.jar"
            ],
            "fileSize": 820730
        },
        {
            "path": "mods/handcrafted-fabric-1.20.1-3.0.1.jar",
            "hashes": {
                "sha1": "f94b3f49ea63ae4c418cdbfe5802491e2617bd3c",
                "sha512": "21f31420a784c5bdf1ca356a823a0713de12781275ad0be7fad8cfcae363ec150d88aa1568f84c4066fe44c9255cbed4030e7516fa277dd53d6eb8746716eaca"
            },
            "env": {
                "client": "required",
                "server": "required"
            },
            "downloads": [
                "https://cdn.modrinth.com/data/pJmCFF0p/versions/3zvGd4JS/handcrafted-fabric-1.20.1-3.0.1.jar"
            ],
            "fileSize": 2752190
        },
        {
            "path": "mods/iris-mc1.20.1-1.6.5.jar",
            "hashes": {
                "sha1": "dd9ed30326f239ddc5634e1c55d201b68c7abf9a",
                "sha512": "770828177b41b6921913cac57eacc94796ea470bf11c3310d9b062274515001e3a123f509f9f034e14c9e0411939f033ac0b731d1ebaa1689e11c7deb1159957"
            },
            "env": {
                "client": "required",
                "server": "unsupported"
            },
            "downloads": [
                "https://cdn.modrinth.com/data/YL57xq9U/versions/Sc0OZ0Ze/iris-mc1.20.1-1.6.5.jar"
            ],
            "fileSize": 2399788
        },
        {
            "path": "mods/sodium-extra-0.5.0+mc1.20.1-build.111.jar",
            "hashes": {
                "sha1": "23eed8a2c46f4cd5ee601fe67100ee3f56ee0973",
                "sha512": "5e250e73a45b166e12339a0c705462338c5641d6fbe2be57680460090a8f9c2565410f73a33c971a637ddc355ffe79cf84dba7cf01116d8789e3cb6108235252"
            },
            "env": {
                "client": "required",
                "server": "unsupported"
            },
            "downloads": [
                "https://cdn.modrinth.com/data/PtjYWJkn/versions/5KCYvoSI/sodium-extra-0.5.0%2Bmc1.20.1-build.111.jar"
            ],
            "fileSize": 360351
        },
        {
            "path": "mods/supermartijn642corelib-1.1.12b-fabric-mc1.20.jar",
            "hashes": {
                "sha1": "74eb505faf9e25ee88e834f457564add58e3f763",
                "sha512": "70f67906465a2cd0374612520ce3b3b169a7499b3192e998866873c119c6aac54db9c112af0a76ccbacfdc60937894f681983b3caf854016475bded4ca7a2be7"
            },
            "env": {
                "client": "required",
                "server": "required"
            },
            "downloads": [
                "https://cdn.modrinth.com/data/rOUBggPv/versions/jmOcmOvN/supermartijn642corelib-1.1.12b-fabric-mc1.20.jar"
            ],
            "fileSize": 544124
        },
        {
            "path": "mods/doapi-1.2.6-fabric.jar",
            "hashes": {
                "sha1": "78c28095ca36963e438ddefc8390f04bbe3e1d38",
                "sha512": "f4c5b1f7f9fc57e10cb84914045ef6ec709349c9a1355231b69e235819081ba2c243b537c5901d02032bf27413e76e5903cef86cfe614c187a14d3f99af30e7f"
            },
            "env": {
                "client": "required",
                "server": "required"
            },
            "downloads": [
                "https://cdn.modrinth.com/data/4XJZeZbM/versions/MR1JTKce/doapi-1.2.6-fabric.jar"
            ],
            "fileSize": 390286
        },
        {
            "path": "mods/appleskin-fabric-mc1.20-2.5.0.jar",
            "hashes": {
                "sha1": "f01bcf9adbaaeb5f6b185864c0b879e8e3923991",
                "sha512": "ffeec0410fa1a146788b53a727fcccfa0ef3de49245c553be52c9127c6417862742002d7a0eb11ed74d0ea0e743f2c1b1863f2d30806b38544120c02adcc2896"
            },
            "env": {
                "client": "required",
                "server": "required"
            },
            "downloads": [
                "https://cdn.modrinth.com/data/EsAfCjCV/versions/CxnVG86Y/appleskin-fabric-mc1.20-2.5.0.jar"
            ],
            "fileSize": 1063094
        },
        {
            "path": "mods/balm-fabric-1.20-7.0.7.jar",
            "hashes": {
                "sha1": "4146542912d84041708b60c08721c837928d4c8c",
                "sha512": "e3170bef637aa5806f8d1756f8901835a1f3c9217d8b77f110fb493906d89f19660c4f8d5bce7772c64004f6f356df3d8e0c8d34f686f0a8fd18205d040a3391"
            },
            "env": {
                "client": "required",
                "server": "required"
            },
            "downloads": [
                "https://cdn.modrinth.com/data/MBAkmtvl/versions/I5betUED/balm-fabric-1.20-7.0.7.jar"
            ],
            "fileSize": 363781
        },
        {
            "path": "mods/farmers-delight-fabric-mc1.20.1-1.4.1.jar",
            "hashes": {
                "sha1": "70f51a78a727b5b861728f910374f546ea3f7e81",
                "sha512": "d8e6dd5ac1165b3a7257ae4e26b4b0c201cfd6f166c6b3b4a2f19a37e936af12ca3fd07336a86c8993c2153e6a16231802cc47886af6074ae95c8de0b4cace77"
            },
            "env": {
                "client": "required",
                "server": "required"
            },
            "downloads": [
                "https://cdn.modrinth.com/data/4EakbH8e/versions/lpeIiuMj/farmers-delight-fabric-mc1.20.1-1.4.1.jar"
            ],
            "fileSize": 2720357
        },
        {
            "path": "mods/logical_zoom-0.0.20.jar",
            "hashes": {
                "sha1": "12f8640074ba225fbca884e5fb306f94ea9264bb",
                "sha512": "630bf685c9a93342b068aec036813de80d116731c49a88f6765aceebe8547fcdc3c80661e36e45f760df51cf01f15f9a51b0a730ccae843c4daec25a0f84a0c4"
            },
            "env": {
                "client": "required",
                "server": "unsupported"
            },
            "downloads": [
                "https://cdn.modrinth.com/data/8bOImuGU/versions/boSI7tyG/logical_zoom-0.0.20.jar"
            ],
            "fileSize": 120011
        },
        {
            "path": "mods/reeses_sodium_options-1.6.4+mc1.20.1-build.94.jar",
            "hashes": {
                "sha1": "e7719e21ee8ee6d2738abdc436c099d8177acc34",
                "sha512": "7abf6474f694d5a6d3dff4c8e88051b423f33afb770fcf457d15fcafde946103e6a1081159e4f8ff1f84e3e7cc0a3de4b98b81d90ec6e108a8be8b7664838cde"
            },
            "env": {
                "client": "required",
                "server": "unsupported"
            },
            "downloads": [
                "https://cdn.modrinth.com/data/Bh37bMuy/versions/JB3vAAoX/reeses_sodium_options-1.6.4%2Bmc1.20.1-build.94.jar"
            ],
            "fileSize": 69662
        },
        {
            "path": "mods/borderless-mining-1.1.8+1.20.1.jar",
            "hashes": {
                "sha1": "dbdb8a0600679f3c76480ae5d0995e2334773ce3",
                "sha512": "ca30d3fea6cae4c206789d7461edeedfb294a96e5eaebf60075baf3326e1021979cd94e29ade9096f25bfeb8cb36b6c6659d480ad24b1572c0c79efc6ee5e420"
            },
            "env": {
                "client": "required",
                "server": "unsupported"
            },
            "downloads": [
                "https://cdn.modrinth.com/data/kYq5qkSL/versions/lhrW53q7/borderless-mining-1.1.8%2B1.20.1.jar"
            ],
            "fileSize": 118295
        },
        {
            "path": "mods/freecam-fabric-modrinth-1.2.1+1.20.jar",
            "hashes": {
                "sha1": "c057cd934d4d1c68b3f3775e864fd11e225d9f80",
                "sha512": "16bd2f50d70f01d54374456df0b2e6a25c23857ea4c36ba6253303afd6d1ec592847e418792e4900abd5b597564a3745d130ddb491e2f2098a6b1438511628f7"
            },
            "env": {
                "client": "required",
                "server": "unsupported"
            },
            "downloads": [
                "https://cdn.modrinth.com/data/XeEZ3fK2/versions/QkWJuaZ8/freecam-fabric-modrinth-1.2.1%2B1.20.jar"
            ],
            "fileSize": 1072310
        },
        {
            "path": "mods/fusion-1.0.5-fabric-mc1.20.jar",
            "hashes": {
                "sha1": "309c912175d2bd5bc3342b7a004cf06ef91bb0ed",
                "sha512": "c48d0f789af1e13a0a7ef107e6ee2cc406e8cbe4e3b10ef601521a02fe4bae8f321c22439e267eb5ba2d5b105fb269c6636a5da7507ba199160e6e2cea92e01f"
            },
            "env": {
                "client": "required",
                "server": "unsupported"
            },
            "downloads": [
                "https://cdn.modrinth.com/data/p19vrgc2/versions/5WutJifn/fusion-1.0.5-fabric-mc1.20.jar"
            ],
            "fileSize": 174233
        },
        {
            "path": "mods/midnightlib-fabric-1.4.1.1.jar",
            "hashes": {
                "sha1": "23ab09b69c30e296d35fc957c2e9168b10a94001",
                "sha512": "2780de49e687343cee6577ec5d029571e214e427f999f5bd651d33b9aae190a19d832feb82ba67aa8779a614579379b982c021bad5e9a87a841e5e0276486078"
            },
            "env": {
                "client": "required",
                "server": "required"
            },
            "downloads": [
                "https://cdn.modrinth.com/data/codAaoxh/versions/YXz8kIQl/midnightlib-fabric-1.4.1.1.jar"
            ],
            "fileSize": 57229
        },
        {
            "path": "mods/owo-lib-0.11.1+1.20.jar",
            "hashes": {
                "sha1": "7b1250bec079bd2a116fcdd453f42f5929b8cfe4",
                "sha512": "efd542dab1dddaad79b56a352842b1e2e352c221d2f1312f8028168a7ac2a3139c5c9b8c98503720c477e4491c46131effd3e55a7f466c1793f9f37f45cb6110"
            },
            "env": {
                "client": "required",
                "server": "required"
            },
            "downloads": [
                "https://cdn.modrinth.com/data/ccKDOlHs/versions/m23n3uIM/owo-lib-0.11.1%2B1.20.jar"
            ],
            "fileSize": 905257
        },
        {
            "path": "shaderpacks/ComplementaryReimagined_r2.3.zip",
            "hashes": {
                "sha1": "52b22faacbba8112206d6afd6019979030de031f",
                "sha512": "f818e7f4205e4f7106ad0a0e9e81da82fb9e090278cf8571e293255750181b4b859383b5efc62040670a599a234c9aabb778e43edb948eb241308131d2bf7718"
            },
            "env": {
                "client": "required",
                "server": "unsupported"
            },
            "downloads": [
                "https://cdn.modrinth.com/data/HVnmMxH1/versions/wFaTnvaE/ComplementaryReimagined_r2.3.zip"
            ],
            "fileSize": 409711
        },
        {
            "path": "mods/modmenu-7.2.1.jar",
            "hashes": {
                "sha1": "ccaa15132f3e21307736d16fc160d064cc539e8c",
                "sha512": "bcf9f30825d51e55ed5edef77b481a8e42ba61e6b78e32b6258ce86aaf4cfe812c4bd81595c5acebc65c876ae5b9840a7fb57d8ad7d26229c74b49c1b530e76f"
            },
            "env": {
                "client": "required",
                "server": "unsupported"
            },
            "downloads": [
                "https://cdn.modrinth.com/data/mOgUt4GM/versions/eTCL1uh8/modmenu-7.2.1.jar"
            ],
            "fileSize": 720850
        },
        {
            "path": "mods/memoryleakfix-fabric-1.17+-1.1.1.jar",
            "hashes": {
                "sha1": "2bc5237993e08fd491d410bb646838cda4999bed",
                "sha512": "9fb9c9702209d290ea47ce527067e7c32feb1882da21e566a597d17198d102c35445de5ab72643ea4f8f972843002df2aa8fce70133bf08709a1b4868040d75e"
            },
            "env": {
                "client": "required",
                "server": "required"
            },
            "downloads": [
                "https://cdn.modrinth.com/data/NRjRiSSD/versions/kLyFtyv2/memoryleakfix-fabric-1.17%2B-1.1.1.jar"
            ],
            "fileSize": 143643
        },
        {
            "path": "mods/repurposed_structures-7.0.0+1.20-fabric.jar",
            "hashes": {
                "sha1": "227fb7c9b98dc7369e138e75ce2649d05707ddaa",
                "sha512": "5439b47d8b2089b0d64fbc2bd6609b32e2c71858151bf739423d27e4ddf3d716c984fab66070205f175d704ce2abf360a7ca20a7ffc7df90e159dcf6d12ca437"
            },
            "env": {
                "client": "required",
                "server": "required"
            },
            "downloads": [
                "https://cdn.modrinth.com/data/muf0XoRe/versions/axQ7XPoZ/repurposed_structures-7.0.0%2B1.20-fabric.jar"
            ],
            "fileSize": 8169824
        },
        {
            "path": "mods/architectury-9.1.12-fabric.jar",
            "hashes": {
                "sha1": "add0fffa445ee2959b0898484732704a15156553",
                "sha512": "54bdfc469f897e70a10b31c49d908e09b9cdefdda87c662ad6695c713fbf901bc37256c157ca7d2b9c70a13b304ee74a88cbead98bb23f1ae10e2aef3482db17"
            },
            "env": {
                "client": "required",
                "server": "required"
            },
            "downloads": [
                "https://cdn.modrinth.com/data/lhGA9TYQ/versions/Sbew3kXe/architectury-9.1.12-fabric.jar"
            ],
            "fileSize": 576353
        }
    ],
    "dependencies": {
        "fabric-loader": "0.14.22",
        "minecraft": "1.20.1"
    }
}
