{
  "type": "minecraft:chest",
  "random_sequence": "repurposed_structures:chests",
  "pools": [
    {
      "rolls": {
        "min": 3.0,
        "max": 8.0,
        "type": "minecraft:uniform"
      },
      "entries": [
        {
          "name": "minecraft:gold_nugget",
          "type": "minecraft:item",
          "functions": [
            {
              "function": "minecraft:set_count",
              "count": {
                "min": 1.0,
                "max": 3.0,
                "type": "minecraft:uniform"
              }
            }
          ]
        },
        {
          "name": "minecraft:ink_sac",
          "type": "minecraft:item",
          "weight": 4
        },
        {
          "name": "minecraft:glow_ink_sac",
          "type": "minecraft:item",
          "weight": 3
        },
        {
          "name": "minecraft:oak_chest_boat",
          "type": "minecraft:item",
          "weight": 1
        },
        {
          "name": "minecraft:potato",
          "type": "minecraft:item",
          "weight": 10,
          "functions": [
            {
              "function": "minecraft:set_count",
              "count": {
                "min": 1.0,
                "max": 5.0,
                "type": "minecraft:uniform"
              }
            }
          ]
        },
        {
          "name": "minecraft:bread",
          "type": "minecraft:item",
          "weight": 10,
          "functions": [
            {
              "function": "minecraft:set_count",
              "count": {
                "min": 1.0,
                "max": 4.0,
                "type": "minecraft:uniform"
              }
            }
          ]
        },
        {
          "name": "minecraft:poisonous_potato",
          "type": "minecraft:item",
          "weight": 10,
          "functions": [
            {
              "function": "minecraft:set_count",
              "count": {
                "min": 1.0,
                "max": 4.0,
                "type": "minecraft:uniform"
              }
            }
          ]
        },
        {
          "name": "minecraft:book",
          "type": "minecraft:item"
        },
        {
          "name": "minecraft:feather",
          "type": "minecraft:item"
        },
        {
          "name": "minecraft:emerald",
          "type": "minecraft:item",
          "weight": 4,
          "functions": [
            {
              "function": "minecraft:set_count",
              "count": {
                "min": 2.0,
                "max": 7.0,
                "type": "minecraft:uniform"
              }
            }
          ]
        },
        {
          "name": "minecraft:tube_coral_fan",
          "type": "minecraft:item",
          "weight": 1,
          "functions": [
            {
              "function": "minecraft:set_count",
              "count": {
                "min": 1.0,
                "max": 2.0,
                "type": "minecraft:uniform"
              }
            }
          ]
        },
        {
          "name": "minecraft:brain_coral_fan",
          "type": "minecraft:item",
          "weight": 1,
          "functions": [
            {
              "function": "minecraft:set_count",
              "count": {
                "min": 1.0,
                "max": 2.0,
                "type": "minecraft:uniform"
              }
            }
          ]
        },
        {
          "name": "minecraft:bubble_coral_fan",
          "type": "minecraft:item",
          "weight": 1,
          "functions": [
            {
              "function": "minecraft:set_count",
              "count": {
                "min": 1.0,
                "max": 2.0,
                "type": "minecraft:uniform"
              }
            }
          ]
        },
        {
          "name": "minecraft:fire_coral_fan",
          "type": "minecraft:item",
          "weight": 1,
          "functions": [
            {
              "function": "minecraft:set_count",
              "count": {
                "min": 1.0,
                "max": 2.0,
                "type": "minecraft:uniform"
              }
            }
          ]
        },
        {
          "name": "minecraft:horn_coral_fan",
          "type": "minecraft:item",
          "weight": 1,
          "functions": [
            {
              "function": "minecraft:set_count",
              "count": {
                "min": 1.0,
                "max": 2.0,
                "type": "minecraft:uniform"
              }
            }
          ]
        }
      ]
    },
    {
      "rolls": 1,
      "entries": [
        {
          "type": "minecraft:empty",
          "weight": 10
        },
        {
          "name": "minecraft:bucket",
          "type": "minecraft:item",
          "weight": 10
        },
        {
          "name": "minecraft:leather_boots",
          "type": "minecraft:item",
          "weight": 5,
          "functions": [
            {
              "enchantments": [
                "minecraft:unbreaking",
                "minecraft:protection",
                "minecraft:depth_strider",
                "minecraft:frost_walker"
              ],
              "function": "minecraft:enchant_randomly"
            }
          ]
        },
        {
          "name": "minecraft:leather_helmet",
          "type": "minecraft:item",
          "weight": 5,
          "functions": [
            {
              "enchantments": [
                "minecraft:unbreaking",
                "minecraft:protection",
                "minecraft:aqua_affinity",
                "minecraft:respiration"
              ],
              "function": "minecraft:enchant_randomly"
            }
          ]
        },
        {
          "name": "minecraft:map",
          "type": "minecraft:item",
          "weight": 1,
          "functions": [
            {
              "function": "minecraft:exploration_map",
              "destination": "repurposed_structures:explorer_maps/unknown_ocean_structure_1",
              "decoration": "banner_cyan",
              "zoom": 2,
              "skip_existing_chunks": false
            },
            {
              "function": "minecraft:set_name",
              "name": {
                "translate": "Unknown Ocean Structure Map"
              }
            }
          ]
        },
        {
          "name": "minecraft:map",
          "type": "minecraft:item",
          "weight": 1,
          "functions": [
            {
              "function": "minecraft:exploration_map",
              "destination": "repurposed_structures:explorer_maps/unknown_ocean_structure_2",
              "decoration": "banner_cyan",
              "zoom": 2,
              "skip_existing_chunks": false
            },
            {
              "function": "minecraft:set_name",
              "name": {
                "translate": "Unknown Ocean Structure Map"
              }
            }
          ]
        },
        {
          "name": "minecraft:map",
          "type": "minecraft:item",
          "weight": 1,
          "functions": [
            {
              "function": "minecraft:exploration_map",
              "destination": "repurposed_structures:explorer_maps/unknown_ocean_structure_3",
              "decoration": "banner_cyan",
              "zoom": 2,
              "skip_existing_chunks": false
            },
            {
              "function": "minecraft:set_name",
              "name": {
                "translate": "Unknown Ocean Structure Map"
              }
            }
          ]
        },
        {
          "name": "minecraft:map",
          "type": "minecraft:item",
          "weight": 1,
          "functions": [
            {
              "function": "minecraft:exploration_map",
              "destination": "repurposed_structures:explorer_maps/unknown_ocean_structure_4",
              "decoration": "banner_cyan",
              "zoom": 2,
              "skip_existing_chunks": false
            },
            {
              "function": "minecraft:set_name",
              "name": {
                "translate": "Unknown Ocean Structure Map"
              }
            }
          ]
        },
        {
          "name": "minecraft:map",
          "type": "minecraft:item",
          "weight": 1,
          "functions": [
            {
              "function": "minecraft:exploration_map",
              "destination": "repurposed_structures:explorer_maps/unknown_ocean_structure_5",
              "decoration": "banner_cyan",
              "zoom": 2,
              "skip_existing_chunks": false
            },
            {
              "function": "minecraft:set_name",
              "name": {
                "translate": "Unknown Ocean Structure Map"
              }
            }
          ]
        },
        {
          "name": "minecraft:map",
          "type": "minecraft:item",
          "weight": 1,
          "functions": [
            {
              "function": "minecraft:exploration_map",
              "destination": "repurposed_structures:explorer_maps/unknown_ocean_structure_6",
              "decoration": "banner_cyan",
              "zoom": 2,
              "skip_existing_chunks": false
            },
            {
              "function": "minecraft:set_name",
              "name": {
                "translate": "Unknown Ocean Structure Map"
              }
            }
          ]
        },
        {
          "name": "minecraft:map",
          "type": "minecraft:item",
          "weight": 1,
          "functions": [
            {
              "function": "minecraft:exploration_map",
              "destination": "repurposed_structures:explorer_maps/unknown_ocean_structure_7",
              "decoration": "banner_cyan",
              "zoom": 2,
              "skip_existing_chunks": false
            },
            {
              "function": "minecraft:set_name",
              "name": {
                "translate": "Unknown Ocean Structure Map"
              }
            }
          ]
        }
      ]
    },
    {
      "rolls": 1,
      "entries": [
        {
          "type": "minecraft:loot_table",
          "name": "repurposed_structures:chests/lucky_pool"
        }
      ]
    },
    {
      "rolls": 0,
      "bonus_rolls": 1,
      "entries": [
        {
          "type": "minecraft:empty",
          "weight": 130
        },
        {
          "name": "minecraft:cyan_banner",
          "type": "minecraft:item",
          "weight": 30,
          "functions": [
            {
              "function":"set_nbt",
              "tag":"{BlockEntityTag:{Patterns:[{Pattern:gru,Color:11},{Pattern:gru,Color:9},{Pattern:bri,Color:15},{Pattern:bri,Color:9},{Pattern:tts,Color:15},{Pattern:tts,Color:9},{Pattern:bts,Color:15},{Pattern:bts,Color:9},{Pattern:mc,Color:9},{Pattern:flo,Color:15},{Pattern:flo,Color:15},{Pattern:flo,Color:9}]}}"
            }
          ]
        },
        {
          "name": "minecraft:emerald",
          "type": "minecraft:item",
          "weight": 8,
          "functions": [
            {
              "function": "minecraft:set_count",
              "count": 3
            }
          ]
        },
        {
          "name": "minecraft:iron_hoe",
          "type": "minecraft:item",
          "weight": 8,
          "functions": [
            {
              "function": "minecraft:set_damage",
              "damage": {
                "min": 0.0,
                "max": 0.60
              }
            },
            {
              "function": "minecraft:enchant_with_levels",
              "levels": {
                "min": -10.0,
                "max": 15.0,
                "type": "minecraft:uniform"
              }
            }
          ]
        }
      ]
    }
  ]
}