{
  "type": "minecraft:chest",
  "random_sequence": "repurposed_structures:chests",
  "pools": [
    {
      "rolls": {
        "min": 2.0,
        "max": 8.0,
        "type": "minecraft:uniform"
      },
      "entries": [
        {
          "name": "minecraft:coal",
          "type": "minecraft:item",
          "weight": 12,
          "functions": [
            {
              "function": "minecraft:set_count",
              "count": {
                "min": 1.0,
                "max": 4.0,
                "type": "minecraft:uniform"
              }
            }
          ]
        },
        {
          "name": "minecraft:lapis_lazuli",
          "type": "minecraft:item",
          "weight": 12,
          "functions": [
            {
              "function": "minecraft:set_count",
              "count": {
                "min": 1.0,
                "max": 2.0,
                "type": "minecraft:uniform"
              }
            }
          ]
        },
        {
          "name": "minecraft:cookie",
          "type": "minecraft:item",
          "weight": 10,
          "functions": [
            {
              "function": "minecraft:set_count",
              "count": {
                "min": 2.0,
                "max": 3.0,
                "type": "minecraft:uniform"
              }
            }
          ]
        },
        {
          "name": "minecraft:stone_shovel",
          "type": "minecraft:item",
          "weight": 5,
          "functions": [
            {
              "function": "minecraft:set_damage",
              "damage": {
                "min": 0.1,
                "max": 0.9
              }
            }
          ]
        },
        {
          "name": "minecraft:sweet_berries",
          "type": "minecraft:item",
          "weight": 5,
          "functions": [
            {
              "function": "minecraft:set_count",
              "count": {
                "min": 2.0,
                "max": 7.0,
                "type": "minecraft:uniform"
              }
            }
          ]
        },
        {
          "name": "minecraft:beetroot",
          "type": "minecraft:item",
          "weight": 5,
          "functions": [
            {
              "function": "minecraft:set_count",
              "count": {
                "min": 1.0,
                "max": 3.0,
                "type": "minecraft:uniform"
              }
            }
          ]
        },
        {
          "type": "minecraft:item",
          "name": "minecraft:emerald",
          "weight": 1
        }
      ]
    },
    {
      "rolls": 3,
      "entries": [
        {
          "name": "minecraft:stone_shovel",
          "type": "minecraft:item",
          "weight": 5
        },
        {
          "name": "minecraft:spruce_log",
          "type": "minecraft:item",
          "weight": 3,
          "functions": [
            {
              "function": "minecraft:set_count",
              "count": {
                "min": 2.0,
                "max": 3.0,
                "type": "minecraft:uniform"
              }
            }
          ]
        },
        {
          "name": "minecraft:stone_shovel",
          "type": "minecraft:item",
          "weight": 1,
          "functions": [
            {
              "function": "minecraft:enchant_randomly"
            }
          ]
        },
        {
          "name": "minecraft:campfire",
          "type": "minecraft:item",
          "weight": 1
        },
        {
          "name": "minecraft:book",
          "type": "minecraft:item",
          "weight": 1,
          "functions": [
            {
              "function": "minecraft:enchant_randomly"
            }
          ]
        },
        {
          "name": "minecraft:leather_helmet",
          "type": "minecraft:item",
          "weight": 1
        },
        {
          "name": "minecraft:leather_chestplate",
          "type": "minecraft:item",
          "weight": 1
        },
        {
          "name": "minecraft:leather_leggings",
          "type": "minecraft:item",
          "weight": 1
        },
        {
          "name": "minecraft:leather_boots",
          "type": "minecraft:item",
          "weight": 1,
          "functions": [
            {
              "function": "minecraft:enchant_randomly"
            }
          ]
        },
        {
          "name": "minecraft:leather_boots",
          "type": "minecraft:item",
          "weight": 1
        },
        {
          "name": "minecraft:saddle",
          "type": "minecraft:item",
          "weight": 1
        },
        {
          "name": "minecraft:bucket",
          "type": "minecraft:item",
          "weight": 1
        },
        {
          "name": "minecraft:iron_shovel",
          "type": "minecraft:item",
          "weight": 1
        },
        {
          "name": "minecraft:golden_apple",
          "type": "minecraft:item",
          "weight": 1
        },
        {
          "name": "minecraft:map",
          "type": "minecraft:item",
          "weight": 2,
          "functions": [
            {
              "function": "minecraft:exploration_map",
              "destination": "repurposed_structures:explorer_maps/bastion_underground",
              "decoration": "banner_gray",
              "zoom": 2,
              "skip_existing_chunks": false
            },
            {
              "function": "minecraft:set_name",
              "name": {
                "translate": "Underground Bastion Map"
              }
            }
          ]
        }
      ]
    },
    {
      "rolls": 1,
      "entries": [
        {
          "type": "minecraft:loot_table",
          "name": "repurposed_structures:chests/lucky_pool"
        }
      ]
    },
    {
      "rolls": 0,
      "bonus_rolls": 1,
      "entries": [
        {
          "type": "minecraft:empty",
          "weight": 130
        },
        {
          "name": "minecraft:white_banner",
          "type": "minecraft:item",
          "weight": 30,
          "functions": [
            {
              "function":"set_nbt",
              "tag":"{BlockEntityTag:{Patterns:[{Pattern:hhb,Color:0},{Pattern:mr,Color:3},{Pattern:mr,Color:9},{Pattern:hh,Color:0},{Pattern:tt,Color:3},{Pattern:tt,Color:9},{Pattern:tt,Color:0},{Pattern:bts,Color:9},{Pattern:bts,Color:0},{Pattern:cs,Color:0},{Pattern:cs,Color:0},{Pattern:mr,Color:0}]}}"
            }
          ]
        },
        {
          "name": "minecraft:iron_shovel",
          "type": "minecraft:item",
          "weight": 7,
          "functions": [
            {
              "function": "minecraft:set_damage",
              "damage": {
                "min": 0.1,
                "max": 0.75
              }
            },
            {
              "function": "minecraft:enchant_with_levels",
              "levels": {
                "min": 5.0,
                "max": 25.0,
                "type": "minecraft:uniform"
              }
            }
          ]
        }
      ]
    }
  ]
}