{
  "parent": "repurposed_structures:root",
  "display": {
    "icon": {
      "item": "minecraft:red_bed"
    },
    "title": {
      "translate": "Having a Hobbit Time!"
    },
    "description": {
      "translate": "Find all new Igloos!"
    },
    "show_toast": true,
    "announce_to_chat": true,
    "hidden": false
  },
  "rewards": {
    "experience": 40
  },
  "criteria": {
    "in_igloo_grassy": {
      "trigger": "minecraft:location",
      "conditions": {
        "player": [
          {
            "condition": "minecraft:entity_properties",
            "entity": "this",
            "predicate": {
              "location": {
                "structure": "repurposed_structures:igloo_grassy"
              }
            }
          }
        ]
      }
    },
    "in_igloo_mangrove": {
      "trigger": "minecraft:location",
      "conditions": {
        "player": [
          {
            "condition": "minecraft:entity_properties",
            "entity": "this",
            "predicate": {
              "location": {
                "structure": "repurposed_structures:igloo_mangrove"
              }
            }
          }
        ]
      }
    },
    "in_igloo_mushroom": {
      "trigger": "minecraft:location",
      "conditions": {
        "player": [
          {
            "condition": "minecraft:entity_properties",
            "entity": "this",
            "predicate": {
              "location": {
                "structure": "repurposed_structures:igloo_mushroom"
              }
            }
          }
        ]
      }
    },
    "in_igloo_stone": {
      "trigger": "minecraft:location",
      "conditions": {
        "player": [
          {
            "condition": "minecraft:entity_properties",
            "entity": "this",
            "predicate": {
              "location": {
                "structure": "repurposed_structures:igloo_stone"
              }
            }
          }
        ]
      }
    }
  },
  "requirements": [
    [
      "in_igloo_grassy"
    ],
    [
      "in_igloo_mangrove"
    ],
    [
      "in_igloo_mushroom"
    ],
    [
      "in_igloo_stone"
    ]
  ]
}