{
  "parent": "repurposed_structures:root",
  "display": {
    "icon": {
      "item": "minecraft:ender_eye"
    },
    "title": {
      "translate": "Following the Eyes"
    },
    "description": {
      "translate": "Find all new Strongholds!"
    },
    "show_toast": true,
    "announce_to_chat": true,
    "hidden": false
  },
  "rewards": {
    "experience": 500
  },
  "criteria": {
    "in_stronghold_nether": {
      "trigger": "minecraft:location",
      "conditions": {
        "player": [
          {
            "condition": "minecraft:entity_properties",
            "entity": "this",
            "predicate": {
              "location": {
                "structure": "repurposed_structures:stronghold_nether"
              }
            }
          }
        ]
      }
    },
    "in_stronghold_end": {
      "trigger": "minecraft:location",
      "conditions": {
        "player": [
          {
            "condition": "minecraft:entity_properties",
            "entity": "this",
            "predicate": {
              "location": {
                "structure": "repurposed_structures:stronghold_end"
              }
            }
          }
        ]
      }
    }
  },
  "requirements": [
    [
      "in_stronghold_nether"
    ],
    [
      "in_stronghold_end"
    ]
  ]
}