{
  "type": "minecraft:chest",
  "random_sequence": "repurposed_structures:chests",
  "pools": [
    {
      "rolls": {
        "min": 3.0,
        "max": 6.0,
        "type": "minecraft:uniform"
      },
      "entries": [
        {
          "name": "minecraft:amethyst_shard",
          "type": "minecraft:item",
          "weight": 4,
          "functions": [
            {
              "function": "minecraft:set_count",
              "count": {
                "min": 12.0,
                "max": 22.0,
                "type": "minecraft:uniform"
              }
            }
          ]
        },
        {
          "name": "minecraft:chorus_fruit",
          "type": "minecraft:item",
          "weight": 4,
          "functions": [
            {
              "function": "minecraft:set_count",
              "count": {
                "min": 12.0,
                "max": 35.0,
                "type": "minecraft:uniform"
              }
            }
          ]
        },
        {
          "name": "minecraft:diamond",
          "type": "minecraft:item",
          "weight": 4,
          "functions": [
            {
              "function": "minecraft:set_count",
              "count": {
                "min": 5.0,
                "max": 14.0,
                "type": "minecraft:uniform"
              }
            }
          ]
        },
        {
          "name": "minecraft:iron_ingot",
          "type": "minecraft:item",
          "weight": 4,
          "functions": [
            {
              "function": "minecraft:set_count",
              "count": {
                "min": 10.0,
                "max": 20.0,
                "type": "minecraft:uniform"
              }
            }
          ]
        },
        {
          "name": "minecraft:diamond_sword",
          "type": "minecraft:item",
          "weight": 3,
          "functions": [
            {
              "function": "minecraft:enchant_randomly"
            }
          ]
        },
        {
          "name": "minecraft:diamond_chestplate",
          "type": "minecraft:item",
          "weight": 3,
          "functions": [
            {
              "function": "minecraft:enchant_randomly"
            }
          ]
        },
        {
          "name": "minecraft:ender_eye",
          "type": "minecraft:item",
          "weight": 3
        },
        {
          "name": "minecraft:suspicious_stew",
          "type": "minecraft:item",
          "weight": 3,
          "functions": [
            {
              "function": "minecraft:set_stew_effect",
              "effects": [
                {
                  "type": "minecraft:blindness",
                  "duration": {
                    "min": 30.0,
                    "max": 50.0
                  }
                },
                {
                  "type": "minecraft:levitation",
                  "duration": {
                    "min": 40.0,
                    "max": 60.0
                  }
                },
                {
                  "type": "minecraft:weakness",
                  "duration": {
                    "min": 40.0,
                    "max": 120.0
                  }
                },
                {
                  "type": "minecraft:jump_boost",
                  "duration": {
                    "min": 60.0,
                    "max": 440.0
                  }
                },
                {
                  "type": "minecraft:night_vision",
                  "duration": {
                    "min": 60.0,
                    "max": 440.0
                  }
                },
                {
                  "type": "minecraft:saturation",
                  "duration": {
                    "min": 10.0,
                    "max": 12.0
                  }
                },
                {
                  "type": "minecraft:invisibility",
                  "duration": {
                    "min": 60.0,
                    "max": 440.0
                  }
                },
                {
                  "type": "minecraft:slow_falling",
                  "duration": {
                    "min": 60.0,
                    "max": 440.0
                  }
                },
                {
                  "type": "minecraft:glowing",
                  "duration": {
                    "min": 60.0,
                    "max": 500.0
                  }
                }
              ]
            }
          ]
        },
        {
          "name": "minecraft:bundle",
          "type": "minecraft:item",
          "weight": 2
        },
        {
          "name": "minecraft:experience_bottle",
          "type": "minecraft:item",
          "weight": 2,
          "functions": [
            {
              "function": "minecraft:set_count",
              "count": {
                "min": 1.0,
                "max": 2.0,
                "type": "minecraft:uniform"
              }
            }
          ]
        },
        {
          "name": "minecraft:obsidian",
          "type": "minecraft:item",
          "weight": 2,
          "functions": [
            {
              "function": "minecraft:set_count",
              "count": {
                "min": 6.0,
                "max": 15.0,
                "type": "minecraft:uniform"
              }
            }
          ]
        },
        {
          "name": "minecraft:crying_obsidian",
          "type": "minecraft:item",
          "weight": 2,
          "functions": [
            {
              "function": "minecraft:set_count",
              "count": {
                "min": 4.0,
                "max": 12.0,
                "type": "minecraft:uniform"
              }
            }
          ]
        },
        {
          "name": "minecraft:chain",
          "type": "minecraft:item",
          "weight": 2,
          "functions": [
            {
              "function": "minecraft:set_count",
              "count": {
                "min": 5.0,
                "max": 12.0,
                "type": "minecraft:uniform"
              }
            }
          ]
        },
        {
          "name": "minecraft:enchanted_golden_apple",
          "type": "minecraft:item",
          "weight": 1
        }
      ]
    },
    {
      "rolls": 1,
      "entries": [
        {
          "type": "minecraft:loot_table",
          "name": "repurposed_structures:chests/lucky_pool"
        }
      ]
    },
    {
      "rolls": 0,
      "bonus_rolls": 1,
      "entries": [
        {
          "type": "minecraft:empty",
          "weight": 130
        },
        {
          "name": "minecraft:purple_banner",
          "type": "minecraft:item",
          "weight": 30,
          "functions": [
            {
              "function":"set_nbt",
              "tag":"{BlockEntityTag:{Patterns:[{Pattern:gra,Color:15},{Pattern:gru,Color:15},{Pattern:sc,Color:2},{Pattern:sc,Color:10},{Pattern:sc,Color:15},{Pattern:flo,Color:2},{Pattern:flo,Color:2},{Pattern:mr,Color:15},{Pattern:mc,Color:10},{Pattern:flo,Color:15},{Pattern:cbo,Color:15},{Pattern:bo,Color:15}]}}"
            }
          ]
        },
        {
          "name": "minecraft:ender_eye",
          "type": "minecraft:item",
          "weight": 15
        }
      ]
    }
  ]
}